article_id,product_code,prod_name,product_type_no,product_type_name,product_group_name,graphical_appearance_no,graphical_appearance_name,colour_group_code,colour_group_name,perceived_colour_value_id,perceived_colour_value_name,perceived_colour_master_id,perceived_colour_master_name,department_no,department_name,index_code,index_name,index_group_no,index_group_name,section_no,section_name,garment_group_no,garment_group_name,detail_desc
0108775015,0108775,Strap top,253,Vest top,Garment Upper body,1010016,Solid,09,Black,4,Dark,5,Black,1676,Jersey Basic,A,Ladieswear,1,Ladieswear,16,Womens Everyday Basics,1002,Jersey Basic,Jersey top with narrow shoulder straps.
0108775044,0108775,Strap top,253,Vest top,Garment Upper body,1010016,Solid,10,White,3,Light,9,White,1676,Jersey Basic,A,Ladieswear,1,Ladieswear,16,Womens Everyday Basics,1002,Jersey Basic,Jersey top with narrow shoulder straps.
0108775051,0108775,Strap top (1),253,Vest top,Garment Upper body,1010017,Stripe,11,Off White,1,Dusty Light,9,White,1676,Jersey Basic,A,Ladieswear,1,Ladieswear,16,Womens Everyday Basics,1002,Jersey Basic,Jersey top with narrow shoulder straps.
0110065001,0110065,OP T-shirt (Idro),306,Bra,Underwear,1010016,Solid,09,Black,4,Dark,5,Black,1339,Clean Lingerie,B,Lingeries/Tights,1,Ladieswear,61,Womens Lingerie,1017,"Under-, Nightwear","Microfibre T-shirt bra with underwired, moulded, lightly padded cups that shape the bust and provide good support. Narrow adjustable shoulder straps and a narrow hook-and-eye fastening at the back. Without visible seams for greater comfort."
0110065002,0110065,OP T-shirt (Idro),306,Bra,Underwear,1010016,Solid,10,White,3,Light,9,White,1339,Clean Lingerie,B,Lingeries/Tights,1,Ladieswear,61,Womens Lingerie,1017,"Under-, Nightwear","Microfibre T-shirt bra with underwired, moulded, lightly padded cups that shape the bust and provide good support. Narrow adjustable shoulder straps and a narrow hook-and-eye fastening at the back. Without visible seams for greater comfort."
0110065011,0110065,OP T-shirt (Idro),306,Bra,Underwear,1010016,Solid,12,Light Beige,1,Dusty Light,11,Beige,1339,Clean Lingerie,B,Lingeries/Tights,1,Ladieswear,61,Womens Lingerie,1017,"Under-, Nightwear","Microfibre T-shirt bra with underwired, moulded, lightly padded cups that shape the bust and provide good support. Narrow adjustable shoulder straps and a narrow hook-and-eye fastening at the back. Without visible seams for greater comfort."
0111565001,0111565,20 den 1p Stockings,304,Underwear Tights,Socks & Tights,1010016,Solid,09,Black,4,Dark,5,Black,3608,Tights basic,B,Lingeries/Tights,1,Ladieswear,62,"Womens Nightwear, Socks & Tigh",1021,Socks and Tights,"Semi shiny nylon stockings with a wide, reinforced trim at the top. Use with a suspender belt. 20 denier."
0111565003,0111565,20 den 1p Stockings,302,Socks,Socks & Tights,1010016,Solid,13,Beige,2,Medium Dusty,11,Beige,3608,Tights basic,B,Lingeries/Tights,1,Ladieswear,62,"Womens Nightwear, Socks & Tigh",1021,Socks and Tights,"Semi shiny nylon stockings with a wide, reinforced trim at the top. Use with a suspender belt. 20 denier."
0111586001,0111586,Shape Up 30 den 1p Tights,273,Leggings/Tights,Garment Lower body,1010016,Solid,09,Black,4,Dark,5,Black,3608,Tights basic,B,Lingeries/Tights,1,Ladieswear,62,"Womens Nightwear, Socks & Tigh",1021,Socks and Tights,Tights with built-in support to lift the bottom. Black in 30 denier and light amber in 15 denier.
0111593001,0111593,Support 40 den 1p Tights,304,Underwear Tights,Socks & Tights,1010016,Solid,09,Black,4,Dark,5,Black,3608,Tights basic,B,Lingeries/Tights,1,Ladieswear,62,"Womens Nightwear, Socks & Tigh",1021,Socks and Tights,"Semi shiny tights that shape the tummy, thighs and calves while also encouraging blood circulation in the legs. Elasticated waist."
0111609001,0111609,200 den 1p Tights,304,Underwear Tights,Socks & Tights,1010016,Solid,09,Black,4,Dark,5,Black,3608,Tights basic,B,Lingeries/Tights,1,Ladieswear,62,"Womens Nightwear, Socks & Tigh",1021,Socks and Tights,Opaque matt tights. 200 denier.
0112679048,0112679,SWEATSHIRT  OC,252,Sweater,Garment Upper body,1010001,All over pattern,07,Grey,1,Dusty Light,12,Grey,6515,Baby basics,G,Baby Sizes 50-98,4,Baby/Children,44,Baby Essentials & Complements,1002,Jersey Basic,Sweatshirt in soft organic cotton with a  press-stud on one shoulder (sizes 12-18 months and 18-24 months without a press-stud). Brushed inside.
0112679052,0112679,SWEATSHIRT  OC,252,Sweater,Garment Upper body,1010001,All over pattern,71,Light Blue,1,Dusty Light,2,Blue,6515,Baby basics,G,Baby Sizes 50-98,4,Baby/Children,44,Baby Essentials & Complements,1002,Jersey Basic,Sweatshirt in soft organic cotton with a  press-stud on one shoulder (sizes 12-18 months and 18-24 months without a press-stud). Brushed inside.
0114428026,0114428,Alice BANDEAU 2-p,306,Bra,Underwear,1010017,Stripe,10,White,3,Light,9,White,1334,Casual Lingerie,B,Lingeries/Tights,1,Ladieswear,61,Womens Lingerie,1017,"Under-, Nightwear",Two soft bandeau bras in soft jersey with side support and a silicone trim at the top.
0114428030,0114428,Alice BANDEAU 2-p,306,Bra,Underwear,1010016,Solid,06,Light Grey,1,Dusty Light,12,Grey,1334,Casual Lingerie,B,Lingeries/Tights,1,Ladieswear,61,Womens Lingerie,1017,"Under-, Nightwear",Two soft bandeau bras in soft jersey with side support and a silicone trim at the top.
0116379047,0116379,Frugan longsleeve,254,Top,Garment Upper body,1010016,Solid,73,Dark Blue,4,Dark,2,Blue,1676,Jersey Basic,A,Ladieswear,1,Ladieswear,16,Womens Everyday Basics,1002,Jersey Basic,Fitted top in soft stretch jersey with a wide neckline and long sleeves.
0118458003,0118458,Jerry jogger bottoms,272,Trousers,Garment Lower body,1010010,Melange,08,Dark Grey,4,Dark,12,Grey,5883,Jersey Basic,F,Menswear,3,Menswear,26,Men Underwear,1002,Jersey Basic,"Trousers in sweatshirt fabric with an elasticated drawstring waist, side pockets, a back pocket and ribbed hems. Soft brushed inside."
0118458004,0118458,Jerry jogger bottoms,272,Trousers,Garment Lower body,1010010,Melange,07,Grey,2,Medium Dusty,12,Grey,5883,Jersey Basic,F,Menswear,3,Menswear,26,Men Underwear,1002,Jersey Basic,"Trousers in sweatshirt fabric with an elasticated drawstring waist, side pockets, a back pocket and ribbed hems. Soft brushed inside."
0118458028,0118458,Jerry jogger bottoms,272,Trousers,Garment Lower body,1010016,Solid,09,Black,4,Dark,5,Black,5883,Jersey Basic,F,Menswear,3,Menswear,26,Men Underwear,1002,Jersey Basic,"Trousers in sweatshirt fabric with an elasticated drawstring waist, side pockets, a back pocket and ribbed hems. Soft brushed inside."
0118458029,0118458,Jerry jogger bottoms,272,Trousers,Garment Lower body,1010010,Melange,08,Dark Grey,4,Dark,12,Grey,5883,Jersey Basic,F,Menswear,3,Menswear,26,Men Underwear,1002,Jersey Basic,"Trousers in sweatshirt fabric with an elasticated drawstring waist, side pockets, a back pocket and ribbed hems. Soft brushed inside."
0118458034,0118458,Jerry jogger bottoms,272,Trousers,Garment Lower body,1010016,Solid,52,Pink,2,Medium Dusty,4,Pink,5883,Jersey Basic,F,Menswear,3,Menswear,26,Men Underwear,1002,Jersey Basic,"Trousers in sweatshirt fabric with an elasticated drawstring waist, side pockets, a back pocket and ribbed hems. Soft brushed inside."
0118458038,0118458,Jerry jogger bottoms,272,Trousers,Garment Lower body,1010010,Melange,09,Black,4,Dark,12,Grey,5883,Jersey Basic,F,Menswear,3,Menswear,26,Men Underwear,1002,Jersey Basic,"Trousers in sweatshirt fabric with an elasticated drawstring waist, side pockets, a back pocket and ribbed hems. Soft brushed inside."
0118458039,0118458,Jerry jogger bottoms,272,Trousers,Garment Lower body,1010010,Melange,73,Dark Blue,2,Medium Dusty,6,Lilac Purple,5883,Jersey Basic,F,Menswear,3,Menswear,26,Men Underwear,1002,Jersey Basic,"Trousers in sweatshirt fabric with an elasticated drawstring waist, side pockets, a back pocket and ribbed hems. Soft brushed inside."
0120129001,0120129,Babette long,273,Leggings/Tights,Garment Lower body,1010016,Solid,09,Black,4,Dark,5,Black,2032,Jersey,A,Ladieswear,1,Ladieswear,8,Mama,1005,Jersey Fancy,Leggings in soft jersey with a wide panel at the waist for best fit over the tummy. The cotton content of the leggings is organic.
0120129014,0120129,Babette long,273,Leggings/Tights,Garment Lower body,1010010,Melange,09,Black,4,Dark,12,Grey,2032,Jersey,A,Ladieswear,1,Ladieswear,8,Mama,1005,Jersey Fancy,Leggings in soft jersey with a wide panel at the waist for best fit over the tummy. The cotton content of the leggings is organic.
0120129018,0120129,Babette long,273,Leggings/Tights,Garment Lower body,1010016,Solid,43,Dark Red,4,Dark,18,Red,2032,Jersey,A,Ladieswear,1,Ladieswear,8,Mama,1005,Jersey Fancy,Leggings in soft jersey with a wide panel at the waist for best fit over the tummy. The cotton content of the leggings is organic.
0120129025,0120129,Babette long,273,Leggings/Tights,Garment Lower body,1010001,All over pattern,08,Dark Grey,4,Dark,12,Grey,2032,Jersey,A,Ladieswear,1,Ladieswear,8,Mama,1005,Jersey Fancy,Leggings in soft jersey with a wide panel at the waist for best fit over the tummy. The cotton content of the leggings is organic.
0123173001,0123173,Control Top 50 den 1p Tights,273,Leggings/Tights,Garment Lower body,1010016,Solid,09,Black,4,Dark,5,Black,3608,Tights basic,B,Lingeries/Tights,1,Ladieswear,62,"Womens Nightwear, Socks & Tigh",1021,Socks and Tights,50 denier tights with reinforcement at the top for a shaping effect on the tummy and thighs.
0126589006,0126589,2p Claw,72,Hair clip,Accessories,1010016,Solid,09,Black,4,Dark,5,Black,4342,EQ & Special Collections,C,Ladies Accessories,1,Ladieswear,66,Womens Small accessories,1019,Accessories,Plastic hair claws. Width 3.5 cm.
0126589007,0126589,2p Claw,72,Hair clip,Accessories,1010019,Transparent,15,Greyish Beige,4,Dark,1,Mole,4342,EQ & Special Collections,C,Ladies Accessories,1,Ladieswear,66,Womens Small accessories,1019,Accessories,Plastic hair claws. Width 3.5 cm.
0126589010,0126589,2p Claw,72,Hair clip,Accessories,1010011,Metallic,31,Light Orange,3,Light,3,Orange,4342,EQ & Special Collections,C,Ladies Accessories,1,Ladieswear,66,Womens Small accessories,1019,Accessories,Plastic hair claws. Width 3.5 cm.
0126589011,0126589,2p Claw,72,Hair clip,Accessories,1010011,Metallic,03,Silver,3,Light,15,Metal,4343,Hair Accessories,C,Ladies Accessories,1,Ladieswear,66,Womens Small accessories,1019,Accessories,Plastic hair claws. Width 3.5 cm.
0126589012,0126589,2p Claw,72,Hair clip,Accessories,1010011,Metallic,05,Gold,5,Bright,15,Metal,4343,Hair Accessories,C,Ladies Accessories,1,Ladieswear,66,Womens Small accessories,1019,Accessories,Plastic hair claws. Width 3.5 cm.
0129085001,0129085,Pirate Leggings (1),273,Leggings/Tights,Garment Lower body,1010016,Solid,09,Black,4,Dark,5,Black,1676,Jersey Basic,A,Ladieswear,1,Ladieswear,16,Womens Everyday Basics,1002,Jersey Basic,3/4-length leggings in stretch jersey with an elasticated waist.
0129085026,0129085,Pirate Leggings (1),273,Leggings/Tights,Garment Lower body,1010016,Solid,10,White,3,Light,9,White,1676,Jersey Basic,A,Ladieswear,1,Ladieswear,16,Womens Everyday Basics,1002,Jersey Basic,3/4-length leggings in stretch jersey with an elasticated waist.
0129085027,0129085,Pirate Leggings (1),273,Leggings/Tights,Garment Lower body,1010010,Melange,07,Grey,1,Dusty Light,12,Grey,1676,Jersey Basic,A,Ladieswear,1,Ladieswear,16,Womens Everyday Basics,1002,Jersey Basic,3/4-length leggings in stretch jersey with an elasticated waist.
0130035001,0130035,Black Umbrella,532,Umbrella,Items,1010016,Solid,09,Black,4,Dark,5,Black,3419,Other items,C,Ladies Accessories,1,Ladieswear,66,Womens Small accessories,1019,Accessories,Umbrella with a telescopic handle and matching cover. Length 23 cm folded.
0141661022,0141661,Velour pyjama,295,Pyjama jumpsuit/playsuit,Nightwear,1010002,Application/3D,10,White,3,Light,9,White,6563,Baby Nightwear,G,Baby Sizes 50-98,4,Baby/Children,44,Baby Essentials & Complements,1017,"Under-, Nightwear","Velour pyjamas with an appliqué detail at the front and on the feet, and press-studs along one side and leg."
0141661025,0141661,Velour pyjama,295,Pyjama jumpsuit/playsuit,Nightwear,1010002,Application/3D,51,Light Pink,1,Dusty Light,4,Pink,6563,Baby Nightwear,G,Baby Sizes 50-98,4,Baby/Children,44,Baby Essentials & Complements,1017,"Under-, Nightwear","Velour pyjamas with an appliqué detail at the front and on the feet, and press-studs along one side and leg."
0144993001,0144993,Mama 100 den 1p Tights,304,Underwear Tights,Socks & Tights,1010016,Solid,09,Black,4,Dark,5,Black,3608,Tights basic,B,Lingeries/Tights,1,Ladieswear,62,"Womens Nightwear, Socks & Tigh",1021,Socks and Tights,Matt tights with an elasticated waist and extra space for a growing tummy. 100 denier.
0145872001,0145872,Dorian l/s basic,252,Sweater,Garment Upper body,1010016,Solid,09,Black,4,Dark,5,Black,8559,Men Sport Woven,S,Sport,26,Sport,22,Men H&M Sport,1005,Jersey Fancy,"Long-sleeved sports top in fast-drying, breathable functional fabric with overlocked seams for optimum comfort. Some of the polyester content of the top is recycled."
0145872037,0145872,Dorian l/s basic,252,Sweater,Garment Upper body,1010010,Melange,08,Dark Grey,4,Dark,12,Grey,8559,Men Sport Woven,S,Sport,26,Sport,22,Men H&M Sport,1005,Jersey Fancy,"Long-sleeved sports top in fast-drying, breathable functional fabric with overlocked seams for optimum comfort. Some of the polyester content of the top is recycled."
0145872043,0145872,Dorian l/s basic,252,Sweater,Garment Upper body,1010016,Solid,10,White,3,Light,9,White,8559,Men Sport Woven,S,Sport,26,Sport,22,Men H&M Sport,1005,Jersey Fancy,"Long-sleeved sports top in fast-drying, breathable functional fabric with overlocked seams for optimum comfort. Some of the polyester content of the top is recycled."
0145872051,0145872,Dorian l/s basic,254,Top,Garment Upper body,1010010,Melange,09,Black,4,Dark,5,Black,8559,Men Sport Woven,S,Sport,26,Sport,22,Men H&M Sport,1005,Jersey Fancy,"Long-sleeved sports top in fast-drying, breathable functional fabric with overlocked seams for optimum comfort. Some of the polyester content of the top is recycled."
0145872052,0145872,Dorian l/s basic,252,Sweater,Garment Upper body,1010010,Melange,73,Dark Blue,4,Dark,2,Blue,8559,Men Sport Woven,S,Sport,26,Sport,22,Men H&M Sport,1005,Jersey Fancy,"Long-sleeved sports top in fast-drying, breathable functional fabric with overlocked seams for optimum comfort. Some of the polyester content of the top is recycled."
0145872053,0145872,Dorian l/s basic,252,Sweater,Garment Upper body,1010010,Melange,08,Dark Grey,4,Dark,12,Grey,8559,Men Sport Woven,S,Sport,26,Sport,22,Men H&M Sport,1005,Jersey Fancy,"Long-sleeved sports top in fast-drying, breathable functional fabric with overlocked seams for optimum comfort. Some of the polyester content of the top is recycled."
0146706001,0146706,Tanktop body white 3PACK,256,Bodysuit,Garment Upper body,1010016,Solid,10,White,3,Light,9,White,6515,Baby basics,G,Baby Sizes 50-98,4,Baby/Children,44,Baby Essentials & Complements,1002,Jersey Basic,Sleeveless bodysuits in soft organic cotton jersey with press-studs at the crotch.
0146706004,0146706,Tanktop body white 3PACK,256,Bodysuit,Garment Upper body,1010016,Solid,10,White,3,Light,9,White,6515,Baby basics,G,Baby Sizes 50-98,4,Baby/Children,44,Baby Essentials & Complements,1002,Jersey Basic,Sleeveless bodysuits in soft organic cotton jersey with press-studs at the crotch.
0146706005,0146706,3P TANKTOP BODY,256,Bodysuit,Garment Upper body,1010016,Solid,06,Light Grey,1,Dusty Light,12,Grey,6515,Baby basics,G,Baby Sizes 50-98,4,Baby/Children,44,Baby Essentials & Complements,1002,Jersey Basic,Sleeveless bodysuits in soft organic cotton jersey with press-studs at the crotch.
0146721001,0146721,Hair Ring,73,Hair string,Accessories,1010016,Solid,05,Gold,5,Bright,15,Metal,4342,EQ & Special Collections,C,Ladies Accessories,1,Ladieswear,66,Womens Small accessories,1019,Accessories,Hair clip in the shape of a metal ring that opens and has a hair elastic inside.
0146721002,0146721,Hair Ring,73,Hair string,Accessories,1010016,Solid,03,Silver,3,Light,15,Metal,4342,EQ & Special Collections,C,Ladies Accessories,1,Ladieswear,66,Womens Small accessories,1019,Accessories,Hair clip in the shape of a metal ring that opens and has a hair elastic inside.
0146730001,0146730,200 den 1p leggings,273,Leggings/Tights,Garment Lower body,1010016,Solid,09,Black,4,Dark,5,Black,3608,Tights basic,B,Lingeries/Tights,1,Ladieswear,62,"Womens Nightwear, Socks & Tigh",1021,Socks and Tights,Opaque matt leggings with an elasticated waist. 200 denier.
0147339034,0147339,6P SS BODY,256,Bodysuit,Garment Upper body,1010001,All over pattern,10,White,3,Light,9,White,6515,Baby basics,G,Baby Sizes 50-98,4,Baby/Children,44,Baby Essentials & Complements,1002,Jersey Basic,Short-sleeved bodysuits in organic cotton jersey with press-studs at the crotch.
0148033001,0148033,Nouvelle 1p Stay Up,273,Leggings/Tights,Garment Lower body,1010016,Solid,09,Black,4,Dark,5,Black,3608,Tights basic,B,Lingeries/Tights,1,Ladieswear,62,"Womens Nightwear, Socks & Tigh",1021,Socks and Tights,Semi shiny stay-ups with a wide lace trim at the top and silicone on the inside. 20 denier.
0148033006,0148033,Nouvelle 1p Stay Up,302,Socks,Socks & Tights,1010016,Solid,13,Beige,2,Medium Dusty,11,Beige,3608,Tights basic,B,Lingeries/Tights,1,Ladieswear,62,"Womens Nightwear, Socks & Tigh",1021,Socks and Tights,Semi shiny stay-ups with a wide lace trim at the top and silicone on the inside. 20 denier.
0150959011,0150959,THOMPSON woven sport pants,272,Trousers,Garment Lower body,1010016,Solid,09,Black,4,Dark,5,Black,8394,Men Sport Bottoms,S,Sport,26,Sport,22,Men H&M Sport,1005,Jersey Fancy,"Running trousers in fast-drying, breathable functional fabric with elastication and a concealed drawstring at the waist. Mesh-lined side pockets, a concealed key pocket in the waistband, a zip at the hems, and reflective details. Regular fit."
0150959013,0150959,THOMPSON woven sport pants,272,Trousers,Garment Lower body,1010016,Solid,08,Dark Grey,4,Dark,12,Grey,8394,Men Sport Bottoms,S,Sport,26,Sport,22,Men H&M Sport,1005,Jersey Fancy,"Running trousers in fast-drying, breathable functional fabric with elastication and a concealed drawstring at the waist. Mesh-lined side pockets, a concealed key pocket in the waistband, a zip at the hems, and reflective details. Regular fit."
0153115019,0153115,OP Strapless^,306,Bra,Underwear,1010016,Solid,09,Black,4,Dark,5,Black,1339,Clean Lingerie,B,Lingeries/Tights,1,Ladieswear,61,Womens Lingerie,1017,"Under-, Nightwear","Strapless bra in microfibre with underwired, padded cups that lift and shape the bust. Silicone trim at the top and a hook-and-eye fastening at the back. Detachable, adjustable shoulder straps and side support."
0153115020,0153115,OP Strapless^,306,Bra,Underwear,1010016,Solid,12,Light Beige,1,Dusty Light,11,Beige,1339,Clean Lingerie,B,Lingeries/Tights,1,Ladieswear,61,Womens Lingerie,1017,"Under-, Nightwear","Strapless bra in microfibre with underwired, padded cups that lift and shape the bust. Silicone trim at the top and a hook-and-eye fastening at the back. Detachable, adjustable shoulder straps and side support."
0153115021,0153115,OP Strapless^,306,Bra,Underwear,1010016,Solid,10,White,3,Light,9,White,1339,Clean Lingerie,B,Lingeries/Tights,1,Ladieswear,61,Womens Lingerie,1017,"Under-, Nightwear","Strapless bra in microfibre with underwired, padded cups that lift and shape the bust. Silicone trim at the top and a hook-and-eye fastening at the back. Detachable, adjustable shoulder straps and side support."
0153115039,0153115,OP Strapless^,306,Bra,Underwear,1010016,Solid,53,Dark Pink,7,Medium,6,Lilac Purple,1339,Clean Lingerie,B,Lingeries/Tights,1,Ladieswear,61,Womens Lingerie,1017,"Under-, Nightwear","Strapless bra in microfibre with underwired, padded cups that lift and shape the bust. Silicone trim at the top and a hook-and-eye fastening at the back. Detachable, adjustable shoulder straps and side support."
0153115040,0153115,OP Strapless^,306,Bra,Underwear,1010016,Solid,17,Yellowish Brown,2,Medium Dusty,13,Brown,1339,Clean Lingerie,B,Lingeries/Tights,1,Ladieswear,61,Womens Lingerie,1017,"Under-, Nightwear","Strapless bra in microfibre with underwired, padded cups that lift and shape the bust. Silicone trim at the top and a hook-and-eye fastening at the back. Detachable, adjustable shoulder straps and side support."
0153115043,0153115,OP Strapless^,306,Bra,Underwear,1010016,Solid,17,Yellowish Brown,4,Dark,13,Brown,1339,Clean Lingerie,B,Lingeries/Tights,1,Ladieswear,61,Womens Lingerie,1017,"Under-, Nightwear","Strapless bra in microfibre with underwired, padded cups that lift and shape the bust. Silicone trim at the top and a hook-and-eye fastening at the back. Detachable, adjustable shoulder straps and side support."
0156224001,0156224,Box 4p Socks,302,Socks,Socks & Tights,1010016,Solid,13,Beige,2,Medium Dusty,11,Beige,3608,Tights basic,B,Lingeries/Tights,1,Ladieswear,62,"Womens Nightwear, Socks & Tigh",1021,Socks and Tights,Semi-matte socks with a short shaft. 20 denier.
0156224002,0156224,Box 4p Socks,-1,Unknown,Unknown,1010016,Solid,09,Black,4,Dark,5,Black,3608,Tights basic,B,Lingeries/Tights,1,Ladieswear,62,"Womens Nightwear, Socks & Tigh",1021,Socks and Tights,Semi-matte socks with a short shaft. 20 denier.
0156227001,0156227,Box 4p Kneehighs,304,Underwear Tights,Socks & Tights,1010016,Solid,09,Black,4,Dark,5,Black,3608,Tights basic,B,Lingeries/Tights,1,Ladieswear,62,"Womens Nightwear, Socks & Tigh",1021,Socks and Tights,Four pairs of knee highs. 20 denier.
0156227002,0156227,Box 4p Kneehighs,304,Underwear Tights,Socks & Tights,1010016,Solid,13,Beige,2,Medium Dusty,11,Beige,3608,Tights basic,B,Lingeries/Tights,1,Ladieswear,62,"Womens Nightwear, Socks & Tigh",1021,Socks and Tights,Four pairs of knee highs. 20 denier.
0156231001,0156231,Box 4p Tights,304,Underwear Tights,Socks & Tights,1010016,Solid,09,Black,4,Dark,5,Black,3608,Tights basic,B,Lingeries/Tights,1,Ladieswear,62,"Womens Nightwear, Socks & Tigh",1021,Socks and Tights,Matt tights with an elasticated waist. 20 denier.
0156231002,0156231,Box 4p Tights,273,Leggings/Tights,Garment Lower body,1010016,Solid,13,Beige,2,Medium Dusty,11,Beige,3608,Tights basic,B,Lingeries/Tights,1,Ladieswear,62,"Womens Nightwear, Socks & Tigh",1021,Socks and Tights,Matt tights with an elasticated waist. 20 denier.
0156289011,0156289,Slim Cheapo 79,272,Trousers,Garment Lower body,1010023,Denim,72,Blue,3,Light,2,Blue,7956,Kids Boy Denim,H,Children Sizes 92-140,4,Baby/Children,46,Kids Boy,1016,Trousers Denim,"5-pocket slim-fit jeans in washed denim with an adjustable elasticated waist, zip fly with a press-stud and slim legs."
0156610001,0156610,Connor pants,272,Trousers,Garment Lower body,1010016,Solid,09,Black,4,Dark,5,Black,8559,Men Sport Woven,S,Sport,26,Sport,22,Men H&M Sport,1005,Jersey Fancy,"Sports trousers in fast-drying fabric made from recycled polyester with an elasticated drawstring waist, side pockets and tapered legs. Regular fit."
0156610007,0156610,Anton sport pant,272,Trousers,Garment Lower body,1010016,Solid,09,Black,4,Dark,5,Black,8559,Men Sport Woven,S,Sport,26,Sport,22,Men H&M Sport,1005,Jersey Fancy,"Sports trousers in fast-drying fabric made from recycled polyester with an elasticated drawstring waist, side pockets and tapered legs. Regular fit."
0156610010,0156610,Anton sport pant,272,Trousers,Garment Lower body,1010001,All over pattern,09,Black,4,Dark,5,Black,8559,Men Sport Woven,S,Sport,26,Sport,22,Men H&M Sport,1005,Jersey Fancy,"Sports trousers in fast-drying fabric made from recycled polyester with an elasticated drawstring waist, side pockets and tapered legs. Regular fit."
0158340001,0158340,Highwaist 30 den 1p Tights,273,Leggings/Tights,Garment Lower body,1010016,Solid,09,Black,4,Dark,5,Black,3608,Tights basic,B,Lingeries/Tights,1,Ladieswear,62,"Womens Nightwear, Socks & Tigh",1021,Socks and Tights,High-waisted tights that lift the bum and shape the waist and thighs. 30 denier.
0160442007,0160442,3p Sneaker Socks,302,Socks,Socks & Tights,1010016,Solid,09,Black,4,Dark,5,Black,3611,Shopbasket Socks,B,Lingeries/Tights,1,Ladieswear,62,"Womens Nightwear, Socks & Tigh",1021,Socks and Tights,"Short, fine-knit socks designed to be hidden by your shoes with a silicone trim at the back of the heel to keep them in place."
0160442010,0160442,3p Sneaker Socks,302,Socks,Socks & Tights,1010016,Solid,10,White,3,Light,9,White,3611,Shopbasket Socks,B,Lingeries/Tights,1,Ladieswear,62,"Womens Nightwear, Socks & Tigh",1021,Socks and Tights,"Short, fine-knit socks designed to be hidden by your shoes with a silicone trim at the back of the heel to keep them in place."
0160442042,0160442,Sneaker 3p Socks,302,Socks,Socks & Tights,1010010,Melange,06,Light Grey,2,Medium Dusty,12,Grey,3610,Socks,B,Lingeries/Tights,1,Ladieswear,62,"Womens Nightwear, Socks & Tigh",1021,Socks and Tights,"Short, fine-knit socks designed to be hidden by your shoes with a silicone trim at the back of the heel to keep them in place."
0160442043,0160442,3p Sneaker Socks,302,Socks,Socks & Tights,1010010,Melange,06,Light Grey,2,Medium Dusty,12,Grey,3611,Shopbasket Socks,B,Lingeries/Tights,1,Ladieswear,62,"Womens Nightwear, Socks & Tigh",1021,Socks and Tights,"Short, fine-knit socks designed to be hidden by your shoes with a silicone trim at the back of the heel to keep them in place."
0162074062,0162074,Sigge sneaker sock 5p,302,Socks,Socks & Tights,1010005,Colour blocking,52,Pink,5,Bright,4,Pink,3937,UW,D,Divided,2,Divided,51,Divided Basics,1017,"Under-, Nightwear",Fine-knit trainer socks in various colours.
0162074069,0162074,Sigge sneaker sock 5p,302,Socks,Socks & Tights,1010001,All over pattern,07,Grey,1,Dusty Light,12,Grey,3937,UW,D,Divided,2,Divided,51,Divided Basics,1017,"Under-, Nightwear",Fine-knit trainer socks in various colours.
0162074071,0162074,Sigge sneaker sock 5p,302,Socks,Socks & Tights,1010001,All over pattern,09,Black,4,Dark,12,Grey,3937,UW,D,Divided,2,Divided,51,Divided Basics,1017,"Under-, Nightwear",Fine-knit trainer socks in various colours.
0163734002,0163734,KOMPIS 2-pack L/S,254,Top,Garment Upper body,1010016,Solid,09,Black,4,Dark,5,Black,7930,Young Girl Jersey Basic,I,Children Sizes 134-170,4,Baby/Children,79,Girls Underwear & Basics,1002,Jersey Basic,Long-sleeved tops in soft organic cotton.
0163734054,0163734,KOMPIS 2-pack L/S,254,Top,Garment Upper body,1010010,Melange,71,Light Blue,3,Light,2,Blue,7930,Young Girl Jersey Basic,I,Children Sizes 134-170,4,Baby/Children,79,Girls Underwear & Basics,1002,Jersey Basic,Long-sleeved tops in soft organic cotton.
0164912035,0164912,Scallop 5p Socks,302,Socks,Socks & Tights,1010016,Solid,09,Black,4,Dark,5,Black,3611,Shopbasket Socks,B,Lingeries/Tights,1,Ladieswear,62,"Womens Nightwear, Socks & Tigh",1021,Socks and Tights,Fine-knit socks with a scalloped edge.
0164912039,0164912,Scallop 5p Socks,302,Socks,Socks & Tights,1010010,Melange,53,Dark Pink,2,Medium Dusty,4,Pink,3611,Shopbasket Socks,B,Lingeries/Tights,1,Ladieswear,62,"Womens Nightwear, Socks & Tigh",1021,Socks and Tights,Fine-knit socks with a scalloped edge.
0174057022,0174057,FLEECE PYJAMA,295,Pyjama jumpsuit/playsuit,Nightwear,1010001,All over pattern,51,Light Pink,1,Dusty Light,4,Pink,6563,Baby Nightwear,G,Baby Sizes 50-98,4,Baby/Children,44,Baby Essentials & Complements,1017,"Under-, Nightwear","All-in-one pyjamas in soft, patterned fleece that fasten down the front and along one leg. Ribbing at the cuffs and hems."
0174057026,0174057,FLEECE PYJAMA,295,Pyjama jumpsuit/playsuit,Nightwear,1010001,All over pattern,06,Light Grey,1,Dusty Light,12,Grey,6563,Baby Nightwear,G,Baby Sizes 50-98,4,Baby/Children,44,Baby Essentials & Complements,1017,"Under-, Nightwear","All-in-one pyjamas in soft, patterned fleece that fasten down the front and along one leg. Ribbing at the cuffs and hems."
0174057027,0174057,FLEECE PYJAMA,295,Pyjama jumpsuit/playsuit,Nightwear,1010001,All over pattern,73,Dark Blue,4,Dark,2,Blue,6563,Baby Nightwear,G,Baby Sizes 50-98,4,Baby/Children,44,Baby Essentials & Complements,1017,"Under-, Nightwear","All-in-one pyjamas in soft, patterned fleece that fasten down the front and along one leg. Ribbing at the cuffs and hems."
0174057028,0174057,FLEECE PYJAMA,295,Pyjama jumpsuit/playsuit,Nightwear,1010001,All over pattern,51,Light Pink,1,Dusty Light,4,Pink,6563,Baby Nightwear,G,Baby Sizes 50-98,4,Baby/Children,44,Baby Essentials & Complements,1017,"Under-, Nightwear","All-in-one pyjamas in soft, patterned fleece that fasten down the front and along one leg. Ribbing at the cuffs and hems."
0174057029,0174057,FLEECE PYJAMA,295,Pyjama jumpsuit/playsuit,Nightwear,1010006,Dot,10,White,3,Light,9,White,6563,Baby Nightwear,G,Baby Sizes 50-98,4,Baby/Children,44,Baby Essentials & Complements,1017,"Under-, Nightwear","All-in-one pyjamas in soft, patterned fleece that fasten down the front and along one leg. Ribbing at the cuffs and hems."
0174057030,0174057,FLEECE PYJAMA,295,Pyjama jumpsuit/playsuit,Nightwear,1010017,Stripe,81,Light Turquoise,1,Dusty Light,7,Turquoise,6563,Baby Nightwear,G,Baby Sizes 50-98,4,Baby/Children,44,Baby Essentials & Complements,1017,"Under-, Nightwear","All-in-one pyjamas in soft, patterned fleece that fasten down the front and along one leg. Ribbing at the cuffs and hems."
0174057032,0174057,FLEECE PYJAMA,295,Pyjama jumpsuit/playsuit,Nightwear,1010001,All over pattern,73,Dark Blue,4,Dark,2,Blue,6563,Baby Nightwear,G,Baby Sizes 50-98,4,Baby/Children,44,Baby Essentials & Complements,1017,"Under-, Nightwear","All-in-one pyjamas in soft, patterned fleece that fasten down the front and along one leg. Ribbing at the cuffs and hems."
0174057033,0174057,FLEECE PYJAMA,295,Pyjama jumpsuit/playsuit,Nightwear,1010001,All over pattern,51,Light Pink,1,Dusty Light,4,Pink,6563,Baby Nightwear,G,Baby Sizes 50-98,4,Baby/Children,44,Baby Essentials & Complements,1017,"Under-, Nightwear","All-in-one pyjamas in soft, patterned fleece that fasten down the front and along one leg. Ribbing at the cuffs and hems."
0174057035,0174057,FLEECE PYJAMA,295,Pyjama jumpsuit/playsuit,Nightwear,1010001,All over pattern,81,Light Turquoise,1,Dusty Light,7,Turquoise,6563,Baby Nightwear,G,Baby Sizes 50-98,4,Baby/Children,44,Baby Essentials & Complements,1017,"Under-, Nightwear","All-in-one pyjamas in soft, patterned fleece that fasten down the front and along one leg. Ribbing at the cuffs and hems."
0174057036,0174057,FLEECE PYJAMA,295,Pyjama jumpsuit/playsuit,Nightwear,1010017,Stripe,22,Yellow,7,Medium,8,Yellow,6563,Baby Nightwear,G,Baby Sizes 50-98,4,Baby/Children,44,Baby Essentials & Complements,1017,"Under-, Nightwear","All-in-one pyjamas in soft, patterned fleece that fasten down the front and along one leg. Ribbing at the cuffs and hems."
0174057037,0174057,FLEECE PYJAMA,295,Pyjama jumpsuit/playsuit,Nightwear,1010017,Stripe,73,Dark Blue,4,Dark,2,Blue,6563,Baby Nightwear,G,Baby Sizes 50-98,4,Baby/Children,44,Baby Essentials & Complements,1017,"Under-, Nightwear","All-in-one pyjamas in soft, patterned fleece that fasten down the front and along one leg. Ribbing at the cuffs and hems."
0174057038,0174057,FLEECE PYJAMA,295,Pyjama jumpsuit/playsuit,Nightwear,1010017,Stripe,51,Light Pink,1,Dusty Light,4,Pink,6563,Baby Nightwear,G,Baby Sizes 50-98,4,Baby/Children,44,Baby Essentials & Complements,1017,"Under-, Nightwear","All-in-one pyjamas in soft, patterned fleece that fasten down the front and along one leg. Ribbing at the cuffs and hems."
0174057039,0174057,FLEECE PYJAMA,295,Pyjama jumpsuit/playsuit,Nightwear,1010006,Dot,73,Dark Blue,4,Dark,2,Blue,6563,Baby Nightwear,G,Baby Sizes 50-98,4,Baby/Children,44,Baby Essentials & Complements,1017,"Under-, Nightwear","All-in-one pyjamas in soft, patterned fleece that fasten down the front and along one leg. Ribbing at the cuffs and hems."
0174057040,0174057,FLEECE PYJAMA,295,Pyjama jumpsuit/playsuit,Nightwear,1010006,Dot,51,Light Pink,1,Dusty Light,4,Pink,6563,Baby Nightwear,G,Baby Sizes 50-98,4,Baby/Children,44,Baby Essentials & Complements,1017,"Under-, Nightwear","All-in-one pyjamas in soft, patterned fleece that fasten down the front and along one leg. Ribbing at the cuffs and hems."
0176209023,0176209,Mr Harrington w/hood,308,Hoodie,Garment Upper body,1010016,Solid,09,Black,4,Dark,5,Black,5283,Jacket Street,F,Menswear,3,Menswear,31,Mens Outerwear,1007,Outdoor,"Short, padded jacket with a jersey-lined hood and stand-up collar with a drawstring. Zip down the front, flap side pockets with a press-stud, one inner pocket, and ribbing at the cuffs and hem. Quilted lining."
0176209025,0176209,Mr Harrington w/hood,308,Hoodie,Garment Upper body,1010016,Solid,19,Greenish Khaki,4,Dark,20,Khaki green,5283,Jacket Street,F,Menswear,3,Menswear,31,Mens Outerwear,1007,Outdoor,"Short, padded jacket with a jersey-lined hood and stand-up collar with a drawstring. Zip down the front, flap side pockets with a press-stud, one inner pocket, and ribbing at the cuffs and hem. Quilted lining."
0176209033,0176209,Mr Harrington w/hood,308,Hoodie,Garment Upper body,1010016,Solid,17,Yellowish Brown,2,Medium Dusty,13,Brown,5283,Jacket Street,F,Menswear,3,Menswear,31,Mens Outerwear,1007,Outdoor,"Short, padded jacket with a jersey-lined hood and stand-up collar with a drawstring. Zip down the front, flap side pockets with a press-stud, one inner pocket, and ribbing at the cuffs and hem. Quilted lining."
0176209035,0176209,Mr Harrington w/hood,308,Hoodie,Garment Upper body,1010010,Melange,07,Grey,2,Medium Dusty,12,Grey,5283,Jacket Street,F,Menswear,3,Menswear,31,Mens Outerwear,1007,Outdoor,"Short, padded jacket with a jersey-lined hood and stand-up collar with a drawstring. Zip down the front, flap side pockets with a press-stud, one inner pocket, and ribbing at the cuffs and hem. Quilted lining."
0176209039,0176209,Mr Harrington w/hood,308,Hoodie,Garment Upper body,1010016,Solid,19,Greenish Khaki,4,Dark,20,Khaki green,5283,Jacket Street,F,Menswear,3,Menswear,31,Mens Outerwear,1007,Outdoor,"Short, padded jacket with a jersey-lined hood and stand-up collar with a drawstring. Zip down the front, flap side pockets with a press-stud, one inner pocket, and ribbing at the cuffs and hem. Quilted lining."
0176209040,0176209,Mr Harrington w/hood,308,Hoodie,Garment Upper body,1010016,Solid,73,Dark Blue,4,Dark,2,Blue,5283,Jacket Street,F,Menswear,3,Menswear,31,Mens Outerwear,1007,Outdoor,"Short, padded jacket with a jersey-lined hood and stand-up collar with a drawstring. Zip down the front, flap side pockets with a press-stud, one inner pocket, and ribbing at the cuffs and hem. Quilted lining."
0176209044,0176209,Mr Harrington w/hood,308,Hoodie,Garment Upper body,1010016,Solid,23,Dark Yellow,2,Medium Dusty,13,Brown,5283,Jacket Street,F,Menswear,3,Menswear,31,Mens Outerwear,1007,Outdoor,"Short, padded jacket with a jersey-lined hood and stand-up collar with a drawstring. Zip down the front, flap side pockets with a press-stud, one inner pocket, and ribbing at the cuffs and hem. Quilted lining."
0176209046,0176209,Mr Harrington w/hood,308,Hoodie,Garment Upper body,1010016,Solid,08,Dark Grey,4,Dark,12,Grey,5283,Jacket Street,F,Menswear,3,Menswear,31,Mens Outerwear,1007,Outdoor,"Short, padded jacket with a jersey-lined hood and stand-up collar with a drawstring. Zip down the front, flap side pockets with a press-stud, one inner pocket, and ribbing at the cuffs and hem. Quilted lining."
0176550016,0176550,Sleep bag padded,196,Sleep Bag,Underwear/nightwear,1010001,All over pattern,73,Dark Blue,4,Dark,2,Blue,6563,Baby Nightwear,G,Baby Sizes 50-98,4,Baby/Children,44,Baby Essentials & Complements,1017,"Under-, Nightwear","Lightly padded sleep bag in soft, patterned jersey with a jersey lining. The sleep bag is designed for indoor use only."
0176550017,0176550,Sleep bag padded,196,Sleep Bag,Underwear/nightwear,1010001,All over pattern,51,Light Pink,1,Dusty Light,4,Pink,6563,Baby Nightwear,G,Baby Sizes 50-98,4,Baby/Children,44,Baby Essentials & Complements,1017,"Under-, Nightwear","Lightly padded sleep bag in soft, patterned jersey with a jersey lining. The sleep bag is designed for indoor use only."
0176550018,0176550,Sleep bag padded,196,Sleep Bag,Underwear/nightwear,1010001,All over pattern,11,Off White,1,Dusty Light,9,White,6563,Baby Nightwear,G,Baby Sizes 50-98,4,Baby/Children,44,Baby Essentials & Complements,1017,"Under-, Nightwear","Lightly padded sleep bag in soft, patterned jersey with a jersey lining. The sleep bag is designed for indoor use only."
0176550020,0176550,Sleep bag padded,196,Sleep Bag,Underwear/nightwear,1010001,All over pattern,73,Dark Blue,4,Dark,2,Blue,6563,Baby Nightwear,G,Baby Sizes 50-98,4,Baby/Children,44,Baby Essentials & Complements,1017,"Under-, Nightwear","Lightly padded sleep bag in soft, patterned jersey with a jersey lining. The sleep bag is designed for indoor use only."
0176550021,0176550,Sleep bag padded,196,Sleep Bag,Underwear/nightwear,1010001,All over pattern,10,White,3,Light,9,White,6563,Baby Nightwear,G,Baby Sizes 50-98,4,Baby/Children,44,Baby Essentials & Complements,1017,"Under-, Nightwear","Lightly padded sleep bag in soft, patterned jersey with a jersey lining. The sleep bag is designed for indoor use only."
0176754001,0176754,2 Row Braided Headband (1),74,Hair/alice band,Accessories,1010016,Solid,09,Black,4,Dark,5,Black,4343,Hair Accessories,C,Ladies Accessories,1,Ladieswear,66,Womens Small accessories,1019,Accessories,Two-strand hairband with braids in imitation suede and elastic at the back.
0176754003,0176754,2 Row Braided Headband (1),74,Hair/alice band,Accessories,1010016,Solid,17,Yellowish Brown,4,Dark,13,Brown,4343,Hair Accessories,C,Ladies Accessories,1,Ladieswear,66,Womens Small accessories,1019,Accessories,Two-strand hairband with braids in imitation suede and elastic at the back.
0176754019,0176754,2 Row Braided Headband (1),74,Hair/alice band,Accessories,1010016,Solid,31,Light Orange,1,Dusty Light,3,Orange,4343,Hair Accessories,C,Ladies Accessories,1,Ladieswear,66,Womens Small accessories,1019,Accessories,Two-strand hairband with braids in imitation suede and elastic at the back.
0179123001,0179123,Long Leggings,273,Leggings/Tights,Garment Lower body,1010016,Solid,09,Black,4,Dark,5,Black,1676,Jersey Basic,A,Ladieswear,1,Ladieswear,16,Womens Everyday Basics,1002,Jersey Basic,Jersey leggings with an elasticated waist.
0179123040,0179123,Long Leggings (1),273,Leggings/Tights,Garment Lower body,1010010,Melange,08,Dark Grey,4,Dark,12,Grey,1676,Jersey Basic,A,Ladieswear,1,Ladieswear,16,Womens Everyday Basics,1002,Jersey Basic,Jersey leggings with an elasticated waist.
0179208001,0179208,Control Top 100 den 1p Tights,273,Leggings/Tights,Garment Lower body,1010016,Solid,09,Black,4,Dark,5,Black,3608,Tights basic,B,Lingeries/Tights,1,Ladieswear,62,"Womens Nightwear, Socks & Tigh",1021,Socks and Tights,Matt opaque tights with a control top to hold in the tummy and bum. 100 denier.
0179208008,0179208,Control Top 100 den 1p Tights,273,Leggings/Tights,Garment Lower body,1010010,Melange,09,Black,4,Dark,5,Black,3608,Tights basic,B,Lingeries/Tights,1,Ladieswear,62,"Womens Nightwear, Socks & Tigh",1021,Socks and Tights,Matt opaque tights with a control top to hold in the tummy and bum. 100 denier.
0179393001,0179393,Basic 2p Overknee,302,Socks,Socks & Tights,1010016,Solid,09,Black,4,Dark,5,Black,3610,Socks,B,Lingeries/Tights,1,Ladieswear,62,"Womens Nightwear, Socks & Tigh",1021,Socks and Tights,Fine-knit over-the-knee socks.
0179393018,0179393,Basic 2p Overknee,302,Socks,Socks & Tights,1010010,Melange,08,Dark Grey,2,Medium Dusty,12,Grey,3610,Socks,B,Lingeries/Tights,1,Ladieswear,62,"Womens Nightwear, Socks & Tigh",1021,Socks and Tights,Fine-knit over-the-knee socks.
0179950001,0179950,Austin basic leather hip belt,67,Belt,Accessories,1010016,Solid,09,Black,4,Dark,5,Black,3509,Belts,C,Ladies Accessories,1,Ladieswear,65,Womens Big accessories,1019,Accessories,Leather belt with a metal buckle. Width 2.5 cm.
0179950002,0179950,Austin basic leather hip belt,67,Belt,Accessories,1010016,Solid,17,Yellowish Brown,2,Medium Dusty,13,Brown,3509,Belts,C,Ladies Accessories,1,Ladieswear,65,Womens Big accessories,1019,Accessories,Leather belt with a metal buckle. Width 2.5 cm.
0179950017,0179950,Austin basic leather hip belt,67,Belt,Accessories,1010016,Solid,09,Black,4,Dark,5,Black,3509,Belts,C,Ladies Accessories,1,Ladieswear,65,Womens Big accessories,1019,Accessories,Leather belt with a metal buckle. Width 2.5 cm.
0181160009,0181160,Eva chelsea boot,87,Boots,Shoes,1010016,Solid,17,Yellowish Brown,2,Medium Dusty,13,Brown,3929,Divided Shoes,D,Divided,2,Divided,52,Divided Accessories,1020,Shoes,Chelsea boots with elasticated gores in the sides and rubber soles.
0181448022,0181448,Jenny 5-pack,302,Socks,Socks & Tights,1010016,Solid,09,Black,4,Dark,5,Black,3937,UW,D,Divided,2,Divided,51,Divided Basics,1017,"Under-, Nightwear",Fine-knit socks.
0181448102,0181448,Jenny 5-pack,302,Socks,Socks & Tights,1010010,Melange,51,Light Pink,1,Dusty Light,4,Pink,3937,UW,D,Divided,2,Divided,51,Divided Basics,1017,"Under-, Nightwear",Fine-knit socks.
0181448103,0181448,Jenny 5-pack,302,Socks,Socks & Tights,1010017,Stripe,50,Other Pink,5,Bright,4,Pink,3937,UW,D,Divided,2,Divided,51,Divided Basics,1017,"Under-, Nightwear",Fine-knit socks.
0181448104,0181448,Jenny 5-pack,302,Socks,Socks & Tights,1010010,Melange,63,Dark Purple,5,Bright,6,Lilac Purple,3937,UW,D,Divided,2,Divided,51,Divided Basics,1017,"Under-, Nightwear",Fine-knit socks.
0181448105,0181448,Jenny 5-pack,302,Socks,Socks & Tights,1010006,Dot,09,Black,4,Dark,5,Black,3937,UW,D,Divided,2,Divided,51,Divided Basics,1017,"Under-, Nightwear",Fine-knit socks.
0181448106,0181448,Jenny 5-pack,302,Socks,Socks & Tights,1010017,Stripe,42,Red,7,Medium,18,Red,3937,UW,D,Divided,2,Divided,51,Divided Basics,1017,"Under-, Nightwear",Fine-knit socks.
0181448109,0181448,Jenny 5-pack,302,Socks,Socks & Tights,1010006,Dot,22,Yellow,7,Medium,8,Yellow,3937,UW,D,Divided,2,Divided,51,Divided Basics,1017,"Under-, Nightwear",Fine-knit socks.
0182909001,0182909,Fleece 1 p tights,273,Leggings/Tights,Garment Lower body,1010016,Solid,09,Black,4,Dark,5,Black,3608,Tights basic,B,Lingeries/Tights,1,Ladieswear,62,"Womens Nightwear, Socks & Tigh",1021,Socks and Tights,Opaque tights with an elasticated waist and soft fleece inside.
0183815013,0183815,Bobby elastic waist belt,67,Belt,Accessories,1010026,Other structure,09,Black,4,Dark,5,Black,3509,Belts,C,Ladies Accessories,1,Ladieswear,65,Womens Big accessories,1019,Accessories,"Wide, elastic waist belt with imitation leather details and a metal fastener. Width 6.5 cm."
0184121021,0184121,FIFTY SHADES moulded halternec,298,Bikini top,Swimwear,1010001,All over pattern,10,White,3,Light,9,White,4242,Swimwear,B,Lingeries/Tights,1,Ladieswear,60,"Womens Swimwear, beachwear",1018,Swimwear,"Bikini top with underwired, moulded, lightly padded cups, a metal fastener at the back, ties at the back of the neck and a bow at the front."
0184123020,0184123,FIFTY SHADES  tie brief,59,Swimwear bottom,Swimwear,1010001,All over pattern,10,White,3,Light,9,White,4242,Swimwear,B,Lingeries/Tights,1,Ladieswear,60,"Womens Swimwear, beachwear",1018,Swimwear,Fully lined bikini bottoms with a mid waist and wide ties at the sides.
0184583014,0184583,Robin 3pk solid,286,Underwear bottom,Underwear,1010010,Melange,06,Light Grey,1,Dusty Light,12,Grey,7988,Underwear Jersey,F,Menswear,3,Menswear,26,Men Underwear,1017,"Under-, Nightwear","Trunks in stretch organic cotton jersey with flatlock seams, short legs, an elasticated waist and lined front."
0186262001,0186262,4p Claw,72,Hair clip,Accessories,1010016,Solid,09,Black,4,Dark,5,Black,4343,Hair Accessories,C,Ladies Accessories,1,Ladieswear,66,Womens Small accessories,1019,Accessories,Plastic hair claws. Width 2.5 cm.
0186262006,0186262,4p Claw,72,Hair clip,Accessories,1010016,Solid,15,Greyish Beige,4,Dark,1,Mole,4343,Hair Accessories,C,Ladies Accessories,1,Ladieswear,66,Womens Small accessories,1019,Accessories,Plastic hair claws. Width 2.5 cm.
0186262007,0186262,4p Claw,72,Hair clip,Accessories,1010016,Solid,31,Light Orange,3,Light,3,Orange,4343,Hair Accessories,C,Ladies Accessories,1,Ladieswear,66,Womens Small accessories,1019,Accessories,Plastic hair claws. Width 2.5 cm.
0186262013,0186262,4p Claw,72,Hair clip,Accessories,1010019,Transparent,02,Transparent,3,Light,9,White,4343,Hair Accessories,C,Ladies Accessories,1,Ladieswear,66,Womens Small accessories,1019,Accessories,Plastic hair claws. Width 2.5 cm.
0186264014,0186264,10p Terry w.o. Clip,73,Hair string,Accessories,1010016,Solid,09,Black,4,Dark,5,Black,4342,EQ & Special Collections,C,Ladies Accessories,1,Ladieswear,66,Womens Small accessories,1019,Accessories,Hair elastics without metal clips.
0186264015,0186264,10p Terry w.o. Clip,73,Hair string,Accessories,1010016,Solid,15,Greyish Beige,4,Dark,1,Mole,4343,Hair Accessories,C,Ladies Accessories,1,Ladieswear,66,Womens Small accessories,1019,Accessories,Hair elastics without metal clips.
0186264016,0186264,10p Terry w.o. Clip,73,Hair string,Accessories,1010016,Solid,13,Beige,2,Medium Dusty,11,Beige,4343,Hair Accessories,C,Ladies Accessories,1,Ladieswear,66,Womens Small accessories,1019,Accessories,Hair elastics without metal clips.
0186266004,0186266,10p Basic Terry,73,Hair string,Accessories,1010016,Solid,09,Black,4,Dark,5,Black,4343,Hair Accessories,C,Ladies Accessories,1,Ladieswear,66,Womens Small accessories,1019,Accessories,Hair elastics with metal clips.
0186267001,0186267,12p Claw,72,Hair clip,Accessories,1010016,Solid,09,Black,4,Dark,5,Black,4343,Hair Accessories,C,Ladies Accessories,1,Ladieswear,66,Womens Small accessories,1019,Accessories,Mini plastic hair claws.
0186372011,0186372,Harem trousers,272,Trousers,Garment Lower body,1010016,Solid,09,Black,4,Dark,5,Black,1676,Jersey Basic,A,Ladieswear,1,Ladieswear,16,Womens Everyday Basics,1002,Jersey Basic,Harem trousers in jersey with elastication at the waist and hems.
0186372042,0186372,Harem trousers,272,Trousers,Garment Lower body,1010001,All over pattern,73,Dark Blue,4,Dark,2,Blue,1676,Jersey Basic,A,Ladieswear,1,Ladieswear,16,Womens Everyday Basics,1002,Jersey Basic,Harem trousers in jersey with elastication at the waist and hems.
0186372045,0186372,Harem trousers,272,Trousers,Garment Lower body,1010001,All over pattern,73,Dark Blue,4,Dark,2,Blue,1676,Jersey Basic,A,Ladieswear,1,Ladieswear,16,Womens Everyday Basics,1002,Jersey Basic,Harem trousers in jersey with elastication at the waist and hems.
